insert into t_city (apiKey, cityName, country, description, population, imageUrl) values 
('84dddfe1-9c42-4a50-9fb2-c4d8640468c6', 'Stockholm', 'Sweden', 'Stockholm, the capital of Sweden, encompasses 14 islands and more than 50 bridges on an extensive Baltic Sea archipelago.', '975904', 'http://localhost/images/rb97bn7g9n.jpg'),
('84dddfe1-9c42-4a50-9fb2-c4d8640468c6', 'New York City', 'United States', 'New York City comprises 5 boroughs sitting where the Hudson River meets the Atlantic Ocean.', '8336817', 'http://localhost:8080/images/dvd98bheb.jpg'),
('84dddfe1-9c42-4a50-9fb2-c4d8640468c6', 'Paris', 'France', 'Paris, France''s capital, is a major European city and a global center for art, fashion, gastronomy, and culture.', '2148271', 'http://localhost:8080/images/jn53jbf9f.jpg'),
('84dddfe1-9c42-4a50-9fb2-c4d8640468c6', 'Tokyo', 'Japan', 'Tokyo, Japan''s bustling capital, mixes the ultramodern and the traditional.', '13515271', 'http://localhost:8080/images/08shsbfsjkn4.jpg'),
('84dddfe1-9c42-4a50-9fb2-c4d8640468c6', 'London', 'United Kingdom', 'London, the capital of England and the United Kingdom, is a 21st-century city with history stretching back to Roman times.', '8982000', 'http://localhost:8080/images/vdsvb89sbhk.jpg'),
('84dddfe1-9c42-4a50-9fb2-c4d8640468c6', 'Rome', 'Italy', 'Rome, Italy''s capital, is a sprawling, cosmopolitan city with nearly 3,000 years of globally influential art, architecture, and culture.', '2872800', 'http://localhost:8080/images/bknkn54ynn.jpg'),
('84dddfe1-9c42-4a50-9fb2-c4d8640468c6', 'Sydney', 'Australia', 'Sydney, capital of New South Wales and one of Australia''s largest cities, is best known for its harbourfront Sydney Opera House.', '5312163', 'http://localhost:8080/images/njvk345jlbg.jpg'),
('84dddfe1-9c42-4a50-9fb2-c4d8640468c6', 'Beijing', 'China', 'Beijing, China’s sprawling capital, has history stretching back 3 millennia.', '21542000', 'http://localhost:8080/images/vas08u40hv.jpg'),
('84dddfe1-9c42-4a50-9fb2-c4d8640468c6', 'Los Angeles', 'United States', 'Los Angeles is a sprawling Southern California city famed as the center of the nation’s film and television industry.', '3971883', 'http://localhost:8080/images/97897dv74hv.jpg'),
('84dddfe1-9c42-4a50-9fb2-c4d8640468c6', 'Berlin', 'Germany', 'Berlin, Germany’s capital and cultural center, dates to the 13th century.', '3769495', 'http://localhost:8080/images/vaed79pg4b.jpg'),
('c86f88c4-ae9a-4be4-ae12-742611db5557', 'Moscow', 'Russia', 'Moscow, on the Moskva River in western Russia, is the nation’s cosmopolitan capital.', '12678079', 'http://localhost:8080/images/svaqs897av.jpg'),
('c86f88c4-ae9a-4be4-ae12-742611db5557', 'Mexico City', 'Mexico', 'Mexico City is the densely populated, high-altitude capital of Mexico.', '9209944', 'http://localhost:8080/images/ffb7f6868fb8.jpg'),
('c86f88c4-ae9a-4be4-ae12-742611db5557', 'Toronto', 'Canada', 'Toronto, the capital of the province of Ontario, is a major Canadian city along Lake Ontario’s northwestern shore.', '2731571', 'http://localhost:8080/images/dbdsb9f679s6f.jpg'),
('c86f88c4-ae9a-4be4-ae12-742611db5557', 'Cairo', 'Egypt', 'Cairo, Egypt''s sprawling capital, is set on the Nile River.', '9119149', 'http://localhost:8080/images/bfb799979fbf.jpg'),
('c86f88c4-ae9a-4be4-ae12-742611db5557', 'Mumbai', 'India', 'Mumbai (formerly called Bombay) is a densely populated city on India’s west coast.', '20411274', 'http://localhost:8080/images/9788rg79549h.jpg'),
('c86f88c4-ae9a-4be4-ae12-742611db5557', 'Bangkok', 'Thailand', 'Bangkok, Thailand’s capital, is a large city known for ornate shrines and vibrant street life.', '8280925', 'http://localhost:8080/images/fvh4ub479bv.jpg'),
('c86f88c4-ae9a-4be4-ae12-742611db5557', 'Istanbul', 'Turkey', 'Istanbul is a major city in Turkey that straddles Europe and Asia across the Bosphorus Strait.', '15029231', 'http://localhost:8080/images/rbh9853hbnm.jpg'),
('c86f88c4-ae9a-4be4-ae12-742611db5557', 'c86f88c4-ae9a-4be4-ae12-742611db5557', 'Seoul', 'South Korea', 'Seoul, the capital of South Korea, is a huge metropolis where modern skyscrapers, high-tech subways, and pop culture meet Buddhist temples, palaces, and street markets.', '9995784', 'http://localhost:8080/images/89hgnv24ngn.jpg'),
('c86f88c4-ae9a-4be4-ae12-742611db5557', 'Dubai', 'United Arab Emirates', 'Dubai is a city and emirate in the United Arab Emirates known for luxury shopping, ultramodern architecture, and a lively nightlife scene.', '3331000', 'http://localhost:8080/images/dvjkbawb54hkg54.jpg');

insert into t_user (apiKey,firstName,lastName, email) values 
('84dddfe1-9c42-4a50-9fb2-c4d8640468c6','Jacob','Jansson','jacob.jansson@example.com'),
('c86f88c4-ae9a-4be4-ae12-742611db5557','Emma','Andersson','emma.andersson@example.com'),
('4a782315-1dc4-4d5b-a6a7-8c63bf27940b','Elias','Nilsson','elias.nilsson@example.com'),
('9a52a6da-2f7b-4c14-bc85-399a1e29e29d','Olivia','Larsson','olivia.larsson@example.com'),
('eb4e3c59-6d29-4aaf-b20e-02460f5c47ff','Liam','Svensson','liam.svensson@example.com'),
('2e542206-f00f-41cc-b6d1-0aeb9a86e09e','Alice','Olofsson','alice.olofsson@example.com'),
('5eac5184-7a10-4155-82e2-8f0d28763e2a','William','Eriksson','william.eriksson@example.com'),
('8e871ff6-8e1f-4599-9e4d-4e9fb2e30b1a','Astrid','Persson','astrid.persson@example.com'),
('ff6b5001-64b2-4da1-b1b0-dfd8efb90f02','Lucas','Gustavsson','lucas.gustavsson@example.com'),
('4e90d3b1-8d61-4a2b-a356-ee1e7d4b8367','Wilma','Johansson','wilma.johansson@example.com'),
('3b3f1851-30d0-4cf2-98ed-16f298ee8862','Oscar','Karlsson','oscar.karlsson@example.com'),
('03dd29f7-b5ef-4b3f-b98d-3bb9c27cc72b','Julia','Fredriksson','julia.fredriksson@example.com'),
('3c5b8c2b-5200-42c0-88f4-d6c62b1861e2','Noah','Berg','noah.berg@example.com'),
('c3fc505e-2619-44c7-a6aa-4bc2fd896d40','Maja','Lindberg','maja.lindberg@example.com'),
('b9ac39a7-b5c5-4e96-897e-64d2eb90acdf','Adam','Sjöberg','adam.sjoberg@example.com'),
('1d665525-61f0-434d-9d45-62f51edc9f0d','Ella','Hansson','ella.hansson@example.com'),
('a5ef3e7b-fd29-4527-8ba2-d3ab6433ad3b','Hugo','Lundgren','hugo.lundgren@example.com'),
('13f233c2-d76a-4324-aa6a-07ad0a55aeaf','Alva','Löfgren','alva.lofgren@example.com'),
('1c5cb5b3-18de-4a6d-90d4-8a550f7a32e1','Liam','Isaksson','liam.isaksson@example.com'),
('9e50b8c3-7841-4d0e-bcf5-700e1cd02285','Elsa','Björk','elsa.bjork@example.com');

insert into t_review (apiKey, cityId, review, rating) values
('84dddfe1-9c42-4a50-9fb2-c4d8640468c6', '1', 'A fantastic city with rich history and vibrant culture.', '5'),
('84dddfe1-9c42-4a50-9fb2-c4d8640468c6', '2', 'Great food scene and friendly locals.', '4'),
('84dddfe1-9c42-4a50-9fb2-c4d8640468c6', '3', 'Beautiful architecture and stunning landscapes.', '5'),
('84dddfe1-9c42-4a50-9fb2-c4d8640468c6', '4', 'Unique blend of modernity and tradition.', '4'),
('84dddfe1-9c42-4a50-9fb2-c4d8640468c6', '5', 'Lively nightlife and cultural events.', '3'),
('84dddfe1-9c42-4a50-9fb2-c4d8640468c6', '6', 'Friendly people and a welcoming atmosphere.', '5'),
('84dddfe1-9c42-4a50-9fb2-c4d8640468c6', '7', 'Historical landmarks and a rich heritage.', '4'),
('84dddfe1-9c42-4a50-9fb2-c4d8640468c6', '8', 'Great place for outdoor activities and adventures.', '4'),
('84dddfe1-9c42-4a50-9fb2-c4d8640468c6', '9', 'Charming streets and a cozy atmosphere.', '3'),
('84dddfe1-9c42-4a50-9fb2-c4d8640468c6', '10', 'Diverse cultural experiences and friendly locals.', '5'),
('c86f88c4-ae9a-4be4-ae12-742611db5557', '11', 'Scenic views and a peaceful environment.', '4'),
('c86f88c4-ae9a-4be4-ae12-742611db5557', '12', 'Delicious local cuisine and historic sites.', '5'),
('c86f88c4-ae9a-4be4-ae12-742611db5557', '13', 'Artistic community and cultural festivals.', '3'),
('c86f88c4-ae9a-4be4-ae12-742611db5557', '14', 'Beautiful beaches and a relaxed atmosphere.', '4'),
('c86f88c4-ae9a-4be4-ae12-742611db5557', '15', 'Modern infrastructure and efficient public transport.', '3'),
('c86f88c4-ae9a-4be4-ae12-742611db5557', '16', 'Enchanting landscapes and friendly locals.', '4'),
('c86f88c4-ae9a-4be4-ae12-742611db5557', '17', 'Unique local traditions and cultural events.', '5'),
('c86f88c4-ae9a-4be4-ae12-742611db5557', '18', 'Quaint architecture and charming markets.', '3'),
('c86f88c4-ae9a-4be4-ae12-742611db5557', '19', 'Thriving arts scene and historic landmarks.', '4');
